dist_threshold_m,voxel_size_m,total_down_points,ground_points,obstacle_points,ground_ratio_pct,num_clusters,nearest_dist_m,low_obstacle_pts_near,latency_p50_ms,latency_p95_ms,experiment,downsampled_points,distant_clusters_gt25m,ransac_p50_ms,dbscan_p50_ms
0.1,0.1,21930.0,8237,13693,37.56,82,2.99,3063.0,29.84,43.52,RANSAC_Threshold_Sweep,,,,
0.15,0.1,21930.0,9492,12438,43.28,70,2.99,2504.0,26.87,34.25,RANSAC_Threshold_Sweep,,,,
0.2,0.1,21930.0,10087,11843,46.0,61,2.99,2278.0,26.25,28.73,RANSAC_Threshold_Sweep,,,,
0.25,0.1,21930.0,10730,11200,48.93,59,2.99,1863.0,26.08,35.77,RANSAC_Threshold_Sweep,,,,
0.3,0.1,21930.0,11101,10829,50.62,57,2.98,1666.0,23.06,26.25,RANSAC_Threshold_Sweep,,,,
0.4,0.1,21930.0,11627,10303,53.02,56,2.97,1372.0,21.25,23.54,RANSAC_Threshold_Sweep,,,,
0.5,0.1,21930.0,12669,9261,57.77,54,2.68,1180.0,19.8,23.22,RANSAC_Threshold_Sweep,,,,
0.2,0.05,,17640,19855,,61,,,71.58,80.25,Voxel_Size_Sweep,37495.0,23.0,5.99,65.34
0.2,0.08,,12409,14077,,58,,,32.24,34.41,Voxel_Size_Sweep,26486.0,23.0,3.52,28.78
0.2,0.1,,10087,11843,,61,,,26.61,29.97,Voxel_Size_Sweep,21930.0,28.0,2.96,23.4
0.2,0.15,,6882,7653,,55,,,12.35,13.51,Voxel_Size_Sweep,14535.0,25.0,1.57,10.76
0.2,0.2,,5052,5421,,49,,,8.6,9.31,Voxel_Size_Sweep,10473.0,22.0,1.53,7.09
0.2,0.3,,3244,3197,,51,,,4.48,5.54,Voxel_Size_Sweep,6441.0,21.0,1.49,3.08
