Run_Iteration,Voxel_time_ms,RANSAC_time_ms,DBSCAN_time_ms,Total_latency_ms,Hardware_CPU,Hardware_RAM,Hardware_OS
1,212.03,5.53,58.95,276.51,11th Gen Intel(R) Core(TM) i7-11800H @ 2.30GHz,8.0 GB,Windows 10 (64bit)
2,157.04,5.78,55.6,218.42,11th Gen Intel(R) Core(TM) i7-11800H @ 2.30GHz,8.0 GB,Windows 10 (64bit)
3,149.09,6.11,42.02,197.22,11th Gen Intel(R) Core(TM) i7-11800H @ 2.30GHz,8.0 GB,Windows 10 (64bit)
4,122.85,5.69,33.22,161.76,11th Gen Intel(R) Core(TM) i7-11800H @ 2.30GHz,8.0 GB,Windows 10 (64bit)
5,99.49,3.86,35.74,139.09,11th Gen Intel(R) Core(TM) i7-11800H @ 2.30GHz,8.0 GB,Windows 10 (64bit)
6,88.81,4.39,27.51,120.71,11th Gen Intel(R) Core(TM) i7-11800H @ 2.30GHz,8.0 GB,Windows 10 (64bit)
7,86.87,3.85,35.61,126.32,11th Gen Intel(R) Core(TM) i7-11800H @ 2.30GHz,8.0 GB,Windows 10 (64bit)
8,127.19,4.77,31.07,163.02,11th Gen Intel(R) Core(TM) i7-11800H @ 2.30GHz,8.0 GB,Windows 10 (64bit)
9,82.63,4.36,30.41,117.4,11th Gen Intel(R) Core(TM) i7-11800H @ 2.30GHz,8.0 GB,Windows 10 (64bit)
10,94.56,5.25,37.14,136.95,11th Gen Intel(R) Core(TM) i7-11800H @ 2.30GHz,8.0 GB,Windows 10 (64bit)
11,90.65,4.69,30.1,125.43,11th Gen Intel(R) Core(TM) i7-11800H @ 2.30GHz,8.0 GB,Windows 10 (64bit)
12,77.1,4.9,35.63,117.63,11th Gen Intel(R) Core(TM) i7-11800H @ 2.30GHz,8.0 GB,Windows 10 (64bit)
13,117.27,4.58,31.57,153.42,11th Gen Intel(R) Core(TM) i7-11800H @ 2.30GHz,8.0 GB,Windows 10 (64bit)
14,78.25,3.59,38.14,119.98,11th Gen Intel(R) Core(TM) i7-11800H @ 2.30GHz,8.0 GB,Windows 10 (64bit)
15,93.38,6.6,41.42,141.41,11th Gen Intel(R) Core(TM) i7-11800H @ 2.30GHz,8.0 GB,Windows 10 (64bit)
16,106.68,4.23,36.94,147.85,11th Gen Intel(R) Core(TM) i7-11800H @ 2.30GHz,8.0 GB,Windows 10 (64bit)
17,102.0,4.3,35.75,142.05,11th Gen Intel(R) Core(TM) i7-11800H @ 2.30GHz,8.0 GB,Windows 10 (64bit)
18,130.64,5.51,42.12,178.27,11th Gen Intel(R) Core(TM) i7-11800H @ 2.30GHz,8.0 GB,Windows 10 (64bit)
19,94.58,3.82,32.59,130.99,11th Gen Intel(R) Core(TM) i7-11800H @ 2.30GHz,8.0 GB,Windows 10 (64bit)
20,89.45,4.7,41.01,135.16,11th Gen Intel(R) Core(TM) i7-11800H @ 2.30GHz,8.0 GB,Windows 10 (64bit)
